{
  "NumberOfTraces": 117,
  "NumberOfEmptySizes": 0,
  "ProzentualEmptySizes": 0,
  "MissingFiles": 0,
  "Path": "messageTraces-2023-06-14-12-26-00",
  "TypeAnalysis": {
    "audio": {
      "_type": "audio",
      "count": 0,
      "totalCount": 117,
      "countProzent": 0,
      "volumeProzent": 0,
      "volumeInByte": 0,
      "smallestMsg": 0,
      "largestMsg": 0,
      "avgSize": 0
    },
    "video": {
      "_type": "video",
      "count": 24,
      "totalCount": 117,
      "countProzent": 0.20512820512820512,
      "volumeProzent": 0.9422723394560933,
      "volumeInByte": 122287161,
      "smallestMsg": 13934,
      "largestMsg": 27656397,
      "avgSize": 5095298.375
    },
    "photo": {
      "_type": "photo",
      "count": 38,
      "totalCount": 117,
      "countProzent": 0.3247863247863248,
      "volumeProzent": 0.05760143827276708,
      "volumeInByte": 7475457,
      "smallestMsg": 35994,
      "largestMsg": 449335,
      "avgSize": 196722.55263157896
    },
    "text": {
      "_type": "text",
      "count": 55,
      "totalCount": 117,
      "countProzent": 0.4700854700854701,
      "volumeProzent": 0.00012622227113957013,
      "volumeInByte": 16381,
      "smallestMsg": 4,
      "largestMsg": 1190,
      "avgSize": 297.8363636363636
    }
  },
  "startTimestamp": 1686723960.245,
  "stopTimestamp": 1686738360.245,
  "recoredFromGroups": [
    "akhbarefori",
    "linkyab",
    "Gilin_Gilin",
    "farsna",
    "dasriam"
  ]
}