{
  "AvgSizeDiff_video": 0,
  "AvgTimeDiff_video": -5.0702082216739655,
  "AvgSizeDiff_photo": 3765.657894736842,
  "AvgTimeDiff_photo": -1.3459735920554714,
  "AvgSizeDiff_text": 0,
  "AvgTimeDiff_text": -0.1942544546994296
}