{
  "AvgSizeDiff_photo": 420,
  "AvgTimeDiff_photo": -3.0923333962758384,
  "AvgSizeDiff_text": 0,
  "AvgTimeDiff_text": -2.776503494807652
}