{
  "Item1": {
    "_results": [
      {
        "TP": 0.72115384615384615,
        "FP": 0,
        "IntervalLen": 100
      }
    ]
  },
  "Item2": {
    "100": [
      0.92307692307692313,
      1,
      1,
      1,
      1,
      1,
      1,
      0,
      0,
      1,
      0.5,
      0,
      1,
      0.5,
      1,
      1,
      0.5,
      0,
      1,
      1
    ]
  }
}