{
  "Item1": {
    "_results": [
      {
        "TP": 0.70833333333333326,
        "FP": 0,
        "IntervalLen": 100
      }
    ]
  },
  "Item2": {
    "100": [
      1,
      0.66666666666666663,
      1,
      1,
      1,
      1,
      1,
      0,
      0,
      1,
      0,
      0,
      1,
      1,
      1,
      1,
      0.5,
      0,
      1,
      1
    ]
  }
}