{
  "Item1": {
    "_results": [
      {
        "TP": 0.74423076923076925,
        "FP": 0,
        "IntervalLen": 100
      }
    ]
  },
  "Item2": {
    "100": [
      0.88461538461538458,
      1,
      1,
      1,
      1,
      1,
      1,
      0,
      0,
      1,
      0.5,
      0,
      1,
      1,
      1,
      1,
      0.5,
      0,
      1,
      1
    ]
  }
}