{
  "AvgSizeDiff_video": 0,
  "AvgTimeDiff_video": 15.130833238363266,
  "AvgSizeDiff_photo": -3765.657894736842,
  "AvgTimeDiff_photo": 14.605526284167642,
  "AvgSizeDiff_text": 0,
  "AvgTimeDiff_text": 2.8087635690515693
}