{
  "AvgSizeDiff_video": 0,
  "AvgTimeDiff_video": -9.195499807596207,
  "AvgSizeDiff_photo": 3765.657894736842,
  "AvgTimeDiff_photo": -4.290605124674346,
  "AvgSizeDiff_text": 0,
  "AvgTimeDiff_text": -3.001599849354137
}